{
  "eval_ATTACK-f1": 0.7380160701834466,
  "eval_ATTACK-recall": 0.7497833340159147,
  "eval_ATTACK-precision": 0.7266910826773139,
  "eval_ATTACK-tp": 689.8,
  "eval_ATTACK-fp": 259.8,
  "eval_ATTACK-fn": 230.4,
  "eval_ORGANIZATION-f1": 0.8773138171358517,
  "eval_ORGANIZATION-recall": 0.8822741943727861,
  "eval_ORGANIZATION-precision": 0.8726638055234549,
  "eval_ORGANIZATION-tp": 489.4,
  "eval_ORGANIZATION-fp": 71.4,
  "eval_ORGANIZATION-fn": 65.2,
  "eval_PROGRAM_SYSTEM-f1": 0.7153736853188943,
  "eval_PROGRAM_SYSTEM-recall": 0.7126069549931465,
  "eval_PROGRAM_SYSTEM-precision": 0.7182280494698379,
  "eval_PROGRAM_SYSTEM-tp": 333.6,
  "eval_PROGRAM_SYSTEM-fp": 130.4,
  "eval_PROGRAM_SYSTEM-fn": 134.2,
  "eval_MALWARE-f1": 0.8165753854103771,
  "eval_MALWARE-recall": 0.831547425539433,
  "eval_MALWARE-precision": 0.8023846384649934,
  "eval_MALWARE-tp": 470.4,
  "eval_MALWARE-fp": 116.0,
  "eval_MALWARE-fn": 95.8,
  "eval_HACKER-f1": 0.8977073775078204,
  "eval_HACKER-recall": 0.8924906956484284,
  "eval_HACKER-precision": 0.9032555418984775,
  "eval_HACKER-tp": 225.2,
  "eval_HACKER-fp": 24.0,
  "eval_HACKER-fn": 27.2,
  "eval_VULNERABILITY-f1": 0.8364366655666695,
  "eval_VULNERABILITY-recall": 0.8424476197217367,
  "eval_VULNERABILITY-precision": 0.8320125277574946,
  "eval_VULNERABILITY-tp": 175.4,
  "eval_VULNERABILITY-fp": 35.4,
  "eval_VULNERABILITY-fn": 33.2,
  "eval_DAMAGE-f1": 0.5690673534458486,
  "eval_DAMAGE-recall": 0.5511990997857936,
  "eval_DAMAGE-precision": 0.5890809181824516,
  "eval_DAMAGE-tp": 113.0,
  "eval_DAMAGE-fp": 79.2,
  "eval_DAMAGE-fn": 92.6,
  "eval_DEVICE-f1": 0.775113138625777,
  "eval_DEVICE-recall": 0.7958013700734139,
  "eval_DEVICE-precision": 0.7563650671751758,
  "eval_DEVICE-tp": 179.4,
  "eval_DEVICE-fp": 57.6,
  "eval_DEVICE-fn": 46.2,
  "eval_GPE-f1": 0.9614989338187675,
  "eval_GPE-recall": 0.9603132854167745,
  "eval_GPE-precision": 0.9628030234898979,
  "eval_GPE-tp": 194.4,
  "eval_GPE-fp": 7.4,
  "eval_GPE-fn": 8.0,
  "eval_HACKER_GROUP-f1": 0.8816322008856465,
  "eval_HACKER_GROUP-recall": 0.8896091304342366,
  "eval_HACKER_GROUP-precision": 0.873889798091066,
  "eval_HACKER_GROUP-tp": 177.2,
  "eval_HACKER_GROUP-fp": 25.6,
  "eval_HACKER_GROUP-fn": 22.0,
  "eval_SPECIALIST-f1": 0.9037692696403272,
  "eval_SPECIALIST-recall": 0.9067924030436917,
  "eval_SPECIALIST-precision": 0.9011499028163021,
  "eval_SPECIALIST-tp": 168.8,
  "eval_SPECIALIST-fp": 18.6,
  "eval_SPECIALIST-fn": 17.2,
  "eval_TIME-f1": 0.876581700819022,
  "eval_TIME-recall": 0.8711854394854835,
  "eval_TIME-precision": 0.8841489535052529,
  "eval_TIME-tp": 159.6,
  "eval_TIME-fp": 21.8,
  "eval_TIME-fn": 23.6,
  "eval_WEBSITE-f1": 0.7412178153540876,
  "eval_WEBSITE-recall": 0.7464655199882217,
  "eval_WEBSITE-precision": 0.7376524246760567,
  "eval_WEBSITE-tp": 97.2,
  "eval_WEBSITE-fp": 34.2,
  "eval_WEBSITE-fn": 32.8,
  "eval_PERSON-f1": 0.8413074021916751,
  "eval_PERSON-recall": 0.8421457761390894,
  "eval_PERSON-precision": 0.8410466799240076,
  "eval_PERSON-tp": 132.4,
  "eval_PERSON-fp": 25.0,
  "eval_PERSON-fn": 24.8,
  "eval_FILE-f1": 0.6255814648135518,
  "eval_FILE-recall": 0.6287644078705654,
  "eval_FILE-precision": 0.6232090056249333,
  "eval_FILE-tp": 99.0,
  "eval_FILE-fp": 59.6,
  "eval_FILE-fn": 58.2,
  "eval_PROTECTION-f1": 0.3450009553703716,
  "eval_PROTECTION-recall": 0.3007844310491007,
  "eval_PROTECTION-precision": 0.4067063082542958,
  "eval_PROTECTION-tp": 23.0,
  "eval_PROTECTION-fp": 33.4,
  "eval_PROTECTION-fn": 52.8,
  "eval_PATCH_VULNERABILITY-f1": 0.5582841930382914,
  "eval_PATCH_VULNERABILITY-recall": 0.5671314650262019,
  "eval_PATCH_VULNERABILITY-precision": 0.5656389452332657,
  "eval_PATCH_VULNERABILITY-tp": 13.6,
  "eval_PATCH_VULNERABILITY-fp": 10.6,
  "eval_PATCH_VULNERABILITY-fn": 12.4,
  "eval_INFOSOURCE-f1": 0.7578976547397601,
  "eval_INFOSOURCE-recall": 0.7138874458874458,
  "eval_INFOSOURCE-precision": 0.8177387914230019,
  "eval_INFOSOURCE-tp": 17.0,
  "eval_INFOSOURCE-fp": 4.2,
  "eval_INFOSOURCE-fn": 6.8,
  "eval_DISCOVER_VULNERABILITY-f1": 0.4213526570048309,
  "eval_DISCOVER_VULNERABILITY-recall": 0.3350287483414418,
  "eval_DISCOVER_VULNERABILITY-precision": 0.5844611528822055,
  "eval_DISCOVER_VULNERABILITY-tp": 6.4,
  "eval_DISCOVER_VULNERABILITY-fp": 4.2,
  "eval_DISCOVER_VULNERABILITY-fn": 11.6,
  "eval_MONEY-f1": 0.910634647832878,
  "eval_MONEY-recall": 0.9258987389422172,
  "eval_MONEY-precision": 0.8977272727272727,
  "eval_MONEY-tp": 16.6,
  "eval_MONEY-fp": 1.8,
  "eval_MONEY-fn": 1.4,
  "eval_macro-f1": 0.7525181194351946,
  "eval_f1": 0.7525181194351946,
  "eval_macro-precision": 0.7648426944898379,
  "eval_precision": 0.7648426944898379,
  "eval_macro-recall": 0.7473078742887561,
  "eval_recall": 0.7473078742887561,
  "eval_micro-precision": 0.7875243479034719,
  "eval_micro-recall": 0.791447115789438,
  "eval_micro-f1": 0.7894754558608519,
  "epoch": 64.0,
  "eval_samples": 292.4
}