{
  "ner": {
    "AGE": 6.79296875,
    "AWARD": 8.03125,
    "CITY": 7.44921875,
    "COUNTRY": 6.59765625,
    "CRIME": 9.765625,
    "DATE": 6.82421875,
    "DISEASE": 9.640625,
    "DISTRICT": 9.859375,
    "EVENT": 7.1953125,
    "FACILITY": 8.28125,
    "FAMILY": 9.953125,
    "IDEOLOGY": 8.1328125,
    "LANGUAGE": 9.5390625,
    "LAW": 8.7109375,
    "LOCATION": 8.8046875,
    "MONEY": 8.796875,
    "NATIONALITY": 7.89453125,
    "NUMBER": 7.58203125,
    "ORDINAL": 8.375,
    "ORGANIZATION": 6.0078125,
    "PENALTY": 9.2890625,
    "PERCENT": 9.1875,
    "PERSON": 4.95703125,
    "PRODUCT": 9.8984375,
    "PROFESSION": 6.609375,
    "RELIGION": 9.03125,
    "STATE_OR_PROVINCE": 8.59375,
    "TIME": 10.0703125,
    "WORK_OF_ART": 9.125
  },
  "neu": {
    "AGE": 3.396484375,
    "AWARD": 4.015625,
    "CITY": 3.724609375,
    "COUNTRY": 3.298828125,
    "CRIME": 4.8828125,
    "DATE": 3.412109375,
    "DISEASE": 4.8203125,
    "DISTRICT": 4.9296875,
    "EVENT": 3.59765625,
    "FACILITY": 4.140625,
    "FAMILY": 4.9765625,
    "IDEOLOGY": 4.06640625,
    "LANGUAGE": 4.76953125,
    "LAW": 4.35546875,
    "LOCATION": 4.40234375,
    "MONEY": 4.3984375,
    "NATIONALITY": 3.947265625,
    "NUMBER": 3.791015625,
    "ORDINAL": 4.1875,
    "ORGANIZATION": 3.00390625,
    "PENALTY": 4.64453125,
    "PERCENT": 4.59375,
    "PERSON": 2.478515625,
    "PRODUCT": 4.94921875,
    "PROFESSION": 3.3046875,
    "RELIGION": 4.515625,
    "STATE_OR_PROVINCE": 4.296875,
    "TIME": 5.03515625,
    "WORK_OF_ART": 4.5625
  }
}